Brand,Brand_Description
1,Kiwi Brews Co.  
2,Emson Sparkling  
5,Pacific Pour NZ  
10,Aotearoa Beverages  
11,Harbour Spirits NSW  
12,Sydney Cellars  
13,Bluegum Wines  
15,Coastal Ales NSW  
20,Logistics Lager NSW  
21,Sydney Sodas  
22,Victorian Vineyards  
23,Melbourne Mixers  
25,Goldfields Gin Co.  
30,Victorian Vintage  
31,Vic Logistics Liquor  
40,Vic Admin Distilling  
50,Queensland Quenchers  
75,Brisbane Brews  
80,Sunshine Seltzers  
81,Gold Coast Grog  
83,QLD Logistics Lagers  
85,QLD Distillers  
86,South Aussie Sips  
100,Adelaide Ales  
102,Barossa Bottlers  
104,Southern Spirits  
105,SA Cellars Collective  
106,SA Lager Logistics  
108,SA Admin Distilling  
110,West Coast Wines  
111,Fremantle Fizz Co.  
112,Perth Pints  
113,WA Craft Collective  
114,Western Whiskey  
120,WA Supply Spirits  
122,WA Admin Brews  
124,Tasmanian Tonic Co.  
125,Hobart Hops  
128,Apple Isle Ales  
130,Tassie Tipples  
140,Tas Logistics Liquor  
142,Tas Distillers Admin  
144,Insight Infusions  
190,Corporate Cocktails  
200,Tobacco & Tonic  
201,Pro & Consumer Brews  
205,Category Cocktails  
206,Duracell Drinks  
207,Liquor Legends  
208,Confec-Cola Management  
209,Hershey’s Hot Cocoa  
210,National Nectar Co.  
211,FMCG Fizz  
212,Capability Cocktails  
213,National Mixology  
214,Field Force Fizz  
215,Impulse Brewing HQ  
216,Project FARMhouse Ale  
217,Marketing Mojitos  
218,Sales Sangria Mgmt  
219,National Margarita Co.  
220,Foodie Fizz Service  
221,BDD – Export Brews  
222,National Seltzers  
223,National Soda Co.  
224,President Foods Brewing  
225,National Distillers  
226,Trade Marketing Mixers  
227,National Shots Co.  
228,National IT Distillers  
230,E-Commerce Espresso  
231,National Lager Logistics  
232,National Call & Cocktails  
250,Finance & Fine Spirits  
260,Group Mixology Mgmt  
270,Bondi Brews  
275,Group Technical Tastings  
280,New Biz Beverages  
285,Senior Mix Sales & Spirits  
290,Human Resources Hops  
292,NSW Field Fizz  
295,QLD Field Quench  
298,SA Field Sips  
299,VIC Field Vines  
300,WA Field Whiskeys  
301,Golden Leaf Tea  
302,Harbour Brew  
303,Summit Tea Co.  
304,Mountain Mist  
305,Zen Infusions  
306,Tea Junction  
307,Royal Blend  
308,Emerald Teas  
330,Mayfair Mixers  
331,Bite Size Brews  
340,Funky Monkey Soda  
360,Williams Craft Cocoa  
370,Red Rooster Cola  
380,Hudson Creamery Shakes  
400,Celestial Chai  
430,Snapple Spark  
450,Turin Tonics  
460,Frey Fizz  
461,Frey Private Reserve  
480,Pure Foods Beverages  
481,Pure Foods Dressings  
500,McIlhenny Firewater  
520,St Dalfour Distillers  
550,Minty Fresh Drops  
560,Seafarer’s Brew  
570,Katjes Craft Cola  
571,Katjes Reserve  
580,BEAR Brews  
600,Silver Barrel Soda  
610,CHASE Spirits  
650,Hermes Sweetener Sips  
690,Evian Springs  
691,Badoit Bubbles  
692,Ferrarelle Fountains  
700,Hershey’s Cocoa Drinks  
701,Hershey’s Baking Syrups  
702,Hershey’s Chocolate Syrup  
703,Hershey’s Biscuit Brews  
720,Melitta Mocha  
721,Fentimans Botanicals  
730,Herbal Remedies  
740,Illy Espresso  
741,Royal Café  
745,Dammann Infusions  
750,Monin Mixers  
760,Perrier Spark  
761,Pure NZ Sparkling  
762,Sponge Bob Soda  
763,Endeavor Energy  
764,Tru Juice Co.  
765,Soul Sparkling  
766,Pete’s Naturals  
767,Bickford’s Brews  
770,Ghirardelli Shakes  
780,Loacker Lattes  
785,Kiddy Sips  
786,Naked Juices  
790,Lotus Latte  
791,Lotus Annas Chai  
792,Lotus Spreads & Sips  
800,Elizabeth Shaw Mint Infusions  
801,Elizabeth Shaw After Dinner Drinks  
802,Elizabeth Shaw Liqueur Truffles  
803,Elizabeth Shaw Liqueur Shots  
804,Elizabeth Shaw Choc Liqueurs  
810,Whittakers Cocoa  
880,Duracell Energy Drinks  
890,West Winds Distillers  
891,WWG – Avosh Vodka  
892,WWG – Native Spirits  
893,Biggar & Leith Beverages  
894,Baranows Cellar  
895,Don Papa Distillers  
896,Avallen Apple Brandy  
897,De Kuyper Mixology  
898,Berry Bros & Brews  
899,Hotel Starlino Cocktails  
900,Miscellaneous Mixers  
970,Fuji Energy  
993,OS Pure Water  
994,OS Juice 320ml  
995,OS Juice x 8 Pack  
996,OS Juice x 6 Pack  
997,OS Sauces & Sips  
998,OS Cranberry Sips  
999,Additional Sales Target Brews
